{
  "run_id": "20260419_130108",
  "horizons": [
    1,
    5,
    20
  ],
  "by_pillar": {
    "chip": {
      "h1": {
        "strong": 0,
        "weak": 2,
        "reject": 8,
        "ic_mean_max": 0.0006431617123617237,
        "ic_mean_min": -0.007867588108202027
      },
      "h5": {
        "strong": 0,
        "weak": 4,
        "reject": 6,
        "ic_mean_max": 0.0034209345887684954,
        "ic_mean_min": -0.01212100200106425
      },
      "h20": {
        "strong": 0,
        "weak": 4,
        "reject": 6,
        "ic_mean_max": 0.002276362638918571,
        "ic_mean_min": -0.008531446337231918
      }
    },
    "event": {
      "h1": {
        "strong": 0,
        "weak": 4,
        "reject": 3,
        "ic_mean_max": -0.0006396085443000498,
        "ic_mean_min": -0.007195160335937542
      },
      "h5": {
        "strong": 0,
        "weak": 6,
        "reject": 1,
        "ic_mean_max": -0.0035376085422000564,
        "ic_mean_min": -0.012612143610558185
      },
      "h20": {
        "strong": 3,
        "weak": 3,
        "reject": 1,
        "ic_mean_max": -0.001039922642343394,
        "ic_mean_min": -0.023653234716876713
      }
    },
    "fund": {
      "h1": {
        "strong": 12,
        "weak": 3,
        "reject": 3,
        "ic_mean_max": 0.02907391229497168,
        "ic_mean_min": -0.00615424670902522
      },
      "h5": {
        "strong": 12,
        "weak": 3,
        "reject": 3,
        "ic_mean_max": 0.037754010346255924,
        "ic_mean_min": -0.01389689373487308
      },
      "h20": {
        "strong": 12,
        "weak": 2,
        "reject": 4,
        "ic_mean_max": 0.043148630960006026,
        "ic_mean_min": -0.03052904708406227
      }
    },
    "ind": {
      "h1": {
        "strong": 3,
        "weak": 1,
        "reject": 0,
        "ic_mean_max": -0.005888721986448624,
        "ic_mean_min": -0.04336505052973958
      },
      "h5": {
        "strong": 3,
        "weak": 0,
        "reject": 1,
        "ic_mean_max": 0.0008744891896293652,
        "ic_mean_min": -0.052096050913763854
      },
      "h20": {
        "strong": 3,
        "weak": 1,
        "reject": 0,
        "ic_mean_max": 0.0051840051809420055,
        "ic_mean_min": -0.07249844297895552
      }
    },
    "other": {
      "h1": {
        "strong": 2,
        "weak": 2,
        "reject": 4,
        "ic_mean_max": -0.0022221929185133387,
        "ic_mean_min": -0.029394510815079763
      },
      "h5": {
        "strong": 3,
        "weak": 5,
        "reject": 0,
        "ic_mean_max": -0.006650992958423774,
        "ic_mean_min": -0.031756949078439754
      },
      "h20": {
        "strong": 7,
        "weak": 1,
        "reject": 0,
        "ic_mean_max": -0.007670665365368635,
        "ic_mean_min": -0.04941035484218975
      }
    },
    "risk": {
      "h1": {
        "strong": 1,
        "weak": 3,
        "reject": 0,
        "ic_mean_max": 0.011774637363177805,
        "ic_mean_min": -0.03506294703758957
      },
      "h5": {
        "strong": 1,
        "weak": 3,
        "reject": 0,
        "ic_mean_max": 0.013229117821955745,
        "ic_mean_min": -0.06214789136632696
      },
      "h20": {
        "strong": 2,
        "weak": 2,
        "reject": 0,
        "ic_mean_max": 0.028721722679369746,
        "ic_mean_min": -0.11030854000724782
      }
    },
    "sent": {
      "h1": {
        "strong": 0,
        "weak": 4,
        "reject": 7,
        "ic_mean_max": 0.008154232473837604,
        "ic_mean_min": -0.00735157380709148
      },
      "h5": {
        "strong": 0,
        "weak": 4,
        "reject": 7,
        "ic_mean_max": 0.013099967523293937,
        "ic_mean_min": -0.008137934461137314
      },
      "h20": {
        "strong": 3,
        "weak": 8,
        "reject": 0,
        "ic_mean_max": 0.021498661060364663,
        "ic_mean_min": -0.01956716133972269
      }
    },
    "trend": {
      "h1": {
        "strong": 12,
        "weak": 5,
        "reject": 8,
        "ic_mean_max": 0.0006207931985331318,
        "ic_mean_min": -0.051332522292337215
      },
      "h5": {
        "strong": 13,
        "weak": 9,
        "reject": 3,
        "ic_mean_max": -0.0036679164402764405,
        "ic_mean_min": -0.06089817482647035
      },
      "h20": {
        "strong": 21,
        "weak": 4,
        "reject": 0,
        "ic_mean_max": -0.007523678094503607,
        "ic_mean_min": -0.08095113168632455
      }
    },
    "txt": {
      "h1": {
        "strong": 0,
        "weak": 0,
        "reject": 21,
        "ic_mean_max": 0.0016107779206413998,
        "ic_mean_min": -0.003944091660352585
      },
      "h5": {
        "strong": 0,
        "weak": 11,
        "reject": 10,
        "ic_mean_max": 0.0009416540252669029,
        "ic_mean_min": -0.0074767480761280015
      },
      "h20": {
        "strong": 0,
        "weak": 14,
        "reject": 7,
        "ic_mean_max": 0.0016873068806828907,
        "ic_mean_min": -0.011258746249598663
      }
    },
    "val": {
      "h1": {
        "strong": 3,
        "weak": 1,
        "reject": 1,
        "ic_mean_max": 0.001736929176110399,
        "ic_mean_min": -0.03996907578094865
      },
      "h5": {
        "strong": 3,
        "weak": 1,
        "reject": 1,
        "ic_mean_max": 0.0022381498044301475,
        "ic_mean_min": -0.05808130302349419
      },
      "h20": {
        "strong": 3,
        "weak": 1,
        "reject": 1,
        "ic_mean_max": 0.0005754920909821562,
        "ic_mean_min": -0.08931660378792958
      }
    }
  },
  "by_verdict": {
    "STRONG": 122,
    "WEAK": 111,
    "REJECT": 106,
    "INVALID": 6
  }
}