{
  "model": "xgboost_D20",
  "method": "Leave-One-Pillar-Out (LOPO)",
  "generated_at": "2026-04-20T03:20:52",
  "note": "Last-fold split, xgboost_D20, 200k stratified train subsample. ΔAUC = baseline_AUC − LOPO_AUC (higher ΔAUC = pillar contributes more).",
  "baseline": {
    "auc_macro": 0.6485630868079545,
    "logloss": 1.0442942272647922,
    "auc_up": 0.6007492306466762,
    "auc_flat": 0.6629588166758094,
    "auc_down": 0.6819812131013779,
    "ic_up": 0.056343052552768454,
    "n_train": 199998,
    "n_test": 119894
  },
  "baseline_elapsed_sec": 12.35,
  "n_selected_features": 91,
  "pillar_counts": {
    "trend": 13,
    "fund": 15,
    "val": 5,
    "ind": 4,
    "event": 7,
    "risk": 6,
    "chip": 4,
    "sent": 7,
    "txt": 30
  },
  "lopo_results": {
    "txt": {
      "auc_macro": 0.6477167430642423,
      "logloss": 1.0470985050204085,
      "auc_up": 0.6000427359307714,
      "auc_flat": 0.6625341778869036,
      "auc_down": 0.680573315375052,
      "ic_up": 0.05432897832168593,
      "n_train": 199998,
      "n_test": 119894,
      "n_features_removed": 30,
      "n_features_remain": 61,
      "delta_auc_macro": 0.0008463437437121746,
      "delta_auc_up": 0.0007064947159047819,
      "delta_ic_up": 0.0020140742310825258,
      "elapsed_sec": 13.24
    },
    "fund": {
      "auc_macro": 0.6488195722952929,
      "logloss": 1.0486254195616753,
      "auc_up": 0.60184027411901,
      "auc_flat": 0.663529706785009,
      "auc_down": 0.6810887359818596,
      "ic_up": 0.05740497423927662,
      "n_train": 199998,
      "n_test": 119894,
      "n_features_removed": 15,
      "n_features_remain": 76,
      "delta_auc_macro": -0.00025648548733836485,
      "delta_auc_up": -0.001091043472333797,
      "delta_ic_up": -0.0010619216865081632,
      "elapsed_sec": 13.79
    },
    "trend": {
      "auc_macro": 0.6420718947526406,
      "logloss": 1.0491112389649322,
      "auc_up": 0.6036584079647124,
      "auc_flat": 0.6514745680068552,
      "auc_down": 0.6710827082863543,
      "ic_up": 0.07628720434986971,
      "n_train": 199998,
      "n_test": 119894,
      "n_features_removed": 13,
      "n_features_remain": 78,
      "delta_auc_macro": 0.006491192055313899,
      "delta_auc_up": -0.0029091773180361935,
      "delta_ic_up": -0.01994415179710126,
      "elapsed_sec": 12.29
    },
    "event": {
      "auc_macro": 0.6501352553448942,
      "logloss": 1.0406130655408958,
      "auc_up": 0.6021012742958742,
      "auc_flat": 0.6632588738472169,
      "auc_down": 0.6850456178915915,
      "ic_up": 0.06037836916944305,
      "n_train": 199998,
      "n_test": 119894,
      "n_features_removed": 7,
      "n_features_remain": 84,
      "delta_auc_macro": -0.0015721685369397553,
      "delta_auc_up": -0.0013520436491980536,
      "delta_ic_up": -0.004035316616674597,
      "elapsed_sec": 13.7
    },
    "sent": {
      "auc_macro": 0.6488387299615169,
      "logloss": 1.0438116680278862,
      "auc_up": 0.6006974854222531,
      "auc_flat": 0.6633632989774663,
      "auc_down": 0.6824554054848313,
      "ic_up": 0.05743867072504675,
      "n_train": 199998,
      "n_test": 119894,
      "n_features_removed": 7,
      "n_features_remain": 84,
      "delta_auc_macro": -0.00027564315356243263,
      "delta_auc_up": 5.174522442308316e-05,
      "delta_ic_up": -0.0010956181722782954,
      "elapsed_sec": 16.67
    },
    "risk": {
      "auc_macro": 0.6347002943107102,
      "logloss": 1.0322076658318584,
      "auc_up": 0.5721507467320108,
      "auc_flat": 0.6645015907457826,
      "auc_down": 0.667448545454337,
      "ic_up": -0.003027558620530984,
      "n_train": 199998,
      "n_test": 119894,
      "n_features_removed": 6,
      "n_features_remain": 85,
      "delta_auc_macro": 0.013862792497244314,
      "delta_auc_up": 0.02859848391466535,
      "delta_ic_up": 0.059370611173299434,
      "elapsed_sec": 24.45
    },
    "val": {
      "auc_macro": 0.647614690581095,
      "logloss": 1.0409540303013167,
      "auc_up": 0.5984782432905229,
      "auc_flat": 0.6637214171530936,
      "auc_down": 0.6806444112996685,
      "ic_up": 0.04271407434273104,
      "n_train": 199998,
      "n_test": 119894,
      "n_features_removed": 5,
      "n_features_remain": 86,
      "delta_auc_macro": 0.0009483962268594937,
      "delta_auc_up": 0.0022709873561532756,
      "delta_ic_up": 0.013628978210037411,
      "elapsed_sec": 20.28
    },
    "ind": {
      "auc_macro": 0.6500460858557582,
      "logloss": 1.0405259460693335,
      "auc_up": 0.6006758127324517,
      "auc_flat": 0.6641547765682663,
      "auc_down": 0.6853076682665566,
      "ic_up": 0.05659686214423547,
      "n_train": 199998,
      "n_test": 119894,
      "n_features_removed": 4,
      "n_features_remain": 87,
      "delta_auc_macro": -0.0014829990478036903,
      "delta_auc_up": 7.341791422443844e-05,
      "delta_ic_up": -0.00025380959146701493,
      "elapsed_sec": 20.99
    },
    "chip": {
      "auc_macro": 0.6504165220732165,
      "logloss": 1.0391775816386215,
      "auc_up": 0.6020520830430726,
      "auc_flat": 0.6642504320335162,
      "auc_down": 0.6849470511430611,
      "ic_up": 0.055950752621331035,
      "n_train": 199998,
      "n_test": 119894,
      "n_features_removed": 4,
      "n_features_remain": 87,
      "delta_auc_macro": -0.001853435265262049,
      "delta_auc_up": -0.0013028523963963812,
      "delta_ic_up": 0.000392299931437419,
      "elapsed_sec": 21.39
    }
  },
  "ranking_by_delta_auc": [
    {
      "pillar": "risk",
      "zh": "風險 (risk)",
      "n_feats": 6,
      "delta_auc": 0.013862792497244314,
      "delta_auc_up": 0.02859848391466535,
      "delta_ic": 0.059370611173299434
    },
    {
      "pillar": "trend",
      "zh": "趨勢 (trend)",
      "n_feats": 13,
      "delta_auc": 0.006491192055313899,
      "delta_auc_up": -0.0029091773180361935,
      "delta_ic": -0.01994415179710126
    },
    {
      "pillar": "val",
      "zh": "估值 (val)",
      "n_feats": 5,
      "delta_auc": 0.0009483962268594937,
      "delta_auc_up": 0.0022709873561532756,
      "delta_ic": 0.013628978210037411
    },
    {
      "pillar": "txt",
      "zh": "文本 (txt)",
      "n_feats": 30,
      "delta_auc": 0.0008463437437121746,
      "delta_auc_up": 0.0007064947159047819,
      "delta_ic": 0.0020140742310825258
    },
    {
      "pillar": "fund",
      "zh": "基本面 (fund)",
      "n_feats": 15,
      "delta_auc": -0.00025648548733836485,
      "delta_auc_up": -0.001091043472333797,
      "delta_ic": -0.0010619216865081632
    },
    {
      "pillar": "sent",
      "zh": "情緒 (sent)",
      "n_feats": 7,
      "delta_auc": -0.00027564315356243263,
      "delta_auc_up": 5.174522442308316e-05,
      "delta_ic": -0.0010956181722782954
    },
    {
      "pillar": "ind",
      "zh": "產業 (ind)",
      "n_feats": 4,
      "delta_auc": -0.0014829990478036903,
      "delta_auc_up": 7.341791422443844e-05,
      "delta_ic": -0.00025380959146701493
    },
    {
      "pillar": "event",
      "zh": "事件 (event)",
      "n_feats": 7,
      "delta_auc": -0.0015721685369397553,
      "delta_auc_up": -0.0013520436491980536,
      "delta_ic": -0.004035316616674597
    },
    {
      "pillar": "chip",
      "zh": "籌碼 (chip)",
      "n_feats": 4,
      "delta_auc": -0.001853435265262049,
      "delta_auc_up": -0.0013028523963963812,
      "delta_ic": 0.000392299931437419
    }
  ]
}